<?xml version="1.0" encoding="utf-8"?>
<LayoutModificationTemplate
	xmlns="http://schemas.microsoft.com/Start/2014/LayoutModification"
    xmlns:defaultlayout="http://schemas.microsoft.com/Start/2014/FullDefaultLayout"
    xmlns:start="http://schemas.microsoft.com/Start/2014/StartLayout"
    xmlns:taskbar="http://schemas.microsoft.com/Start/2014/TaskbarLayout"
    Version="1">
	<CustomTaskbarLayoutCollection PinListPlacement="Replace">
		<defaultlayout:TaskbarLayout>
			<taskbar:TaskbarPinList>
				<taskbar:UWA AppUserModelID="www.kidsa-z.com-CF2DFB24_1.0.0.0_neutral__t1tsb31n9s368" />
				<taskbar:UWA AppUserModelID="web.kinderlogix.com-A0D5DEE3_1.0.0.1_neutral__5q7vps5bk47x2" />
				<taskbar:UWA AppUserModelID="ca.montessoricompass.com-32423878_1.0.0.0_neutral__31xma7mbkjxr6" />
				<taskbar:UWA AppUserModelID="MSTeams_25255.703.3978.7153_x64__8wekyb3d8bbwe" />
				<taskbar:UWA AppUserModelID="zoom.us.Zoom Video Meetings" />
				<taskbar:DesktopApp DesktopApplicationID="Microsoft.Office.WINWORD.EXE.15"/>
				<taskbar:DesktopApp DesktopApplicationID="Microsoft.Office.EXCEL.EXE.15"/>
				<taskbar:DesktopApp DesktopApplicationID="Microsoft.Office.OUTLOOK.EXE.15"/>
				<taskbar:DesktopApp DesktopApplicationLinkPath="%ALLUSERSPROFILE%\Microsoft\Windows\Start Menu\Programs\Zoom WorkPlace.lnk" />
			</taskbar:TaskbarPinList>
		</defaultlayout:TaskbarLayout>
	</CustomTaskbarLayoutCollection>
</LayoutModificationTemplate>