<?xml version="1.0" encoding="utf-8"?>
<LayoutModificationTemplate
	xmlns="http://schemas.microsoft.com/Start/2014/LayoutModification"
    xmlns:defaultlayout="http://schemas.microsoft.com/Start/2014/FullDefaultLayout"
    xmlns:start="http://schemas.microsoft.com/Start/2014/StartLayout"
    xmlns:taskbar="http://schemas.microsoft.com/Start/2014/TaskbarLayout"
    Version="1">
	<CustomTaskbarLayoutCollection PinListPlacement="Replace">
		<defaultlayout:TaskbarLayout>
			<taskbar:TaskbarPinList>
				<taskbar:DesktopApp DesktopApplicationID="Microsoft.Office.WINWORD.EXE.15"/>
				<taskbar:DesktopApp DesktopApplicationID="Microsoft.Office.EXCEL.EXE.15"/>				
				<taskbar:DesktopApp DesktopApplicationID="Microsoft.Office.OUTLOOK.EXE.15"/>
				<taskbar:DesktopApp DesktopApplicationID="zoom.us.Zoom Video Meetings" />
				<taskbar:DesktopApp DesktopApplicationID="MSTeams_8wekyb3d8bbwe!MSTeams" />
			</taskbar:TaskbarPinList>
		</defaultlayout:TaskbarLayout>
	</CustomTaskbarLayoutCollection>
</LayoutModificationTemplate>