<LayoutModificationTemplate xmlns:defaultlayout="http://schemas.microsoft.com/Start/2014/FullDefaultLayout" xmlns:start="http://schemas.microsoft.com/Start/2014/StartLayout" xmlns:taskbar="http://schemas.microsoft.com/Start/2014/TaskbarLayout" Version="1" xmlns="http://schemas.microsoft.com/Start/2014/LayoutModification">
  <CustomTaskbarLayoutCollection PinListPlacement="Replace">
    <defaultlayout:TaskbarLayout>
      <taskbar:TaskbarPinList>
        <taskbar:UWA AppUserModelID="B9ECED6F.ASUSPCAssistant_qmba6cd70vzyy!App" />
        <taskbar:DesktopApp DesktopApplicationLinkPath="C:\ProgramData\Microsoft\Windows\Start Menu\Programs\McAfee\McAfee.lnk" />
      </taskbar:TaskbarPinList>
    </defaultlayout:TaskbarLayout>
  </CustomTaskbarLayoutCollection>
</LayoutModificationTemplate>