<Config>
  <!-- Flags to control what should be skipped -->
  <SkipUEV>true</SkipUEV>
  <SkipLeftAlignStart>true</SkipLeftAlignStart>
  <SkipUpdates>false</SkipUpdates>
  <SkipWinGet>true</SkipWinGet>
  <SkipHideWidgets>false</SkipHideWidgets>
  <SkipStartLayout>false</SkipStartLayout>
  <SkipTaskbarLayout>true</SkipTaskbarLayout>
  <SkipTheme>true</SkipTheme>
  <SkipLockScreen>true</SkipLockScreen>
  <SkipAutoinstallingApps>false</SkipAutoinstallingApps>
  <SkipShowDesktopFaster>false</SkipShowDesktopFaster>
  <SkipAPv2>false</SkipAPv2>
  <SkipEdgeUpdate>false</SkipEdgeUpdate>
  <SkipRemoveCopilotPWA>true</SkipRemoveCopilotPWA>
  <SkipEnterpriseGVLK>true</SkipEnterpriseGVLK>
   <!-- Only set 'SkipDisableWidgets' to false if you want to completely disable Widgets-->
  <SkipDisableWidgets>true</SkipDisableWidgets> 
  <SkipChromeConfig>true</SkipChromeConfig>
  
  <!-- Settings for various items-->
  <TimeZone>Mountain Standard Time</TimeZone>
  <RemoveApps>
	<App>26720RandomSaladGamesLLC.3899848563C1F</App>
	<App>*BubbleWitch3Saga*</App>
    <App>*CandyCrush*</App>
	<App>C27EB4BA.DropboxOEM</App>
    <App>*Flipboard*</App>
    <App>*Facebook*</App>
<!--    <App>Clipchamp.Clipchamp</App>	-->
    <App>McAfeeWPSSparsePackage</App>
	<App>Microsoft.BingFinance</App>
	<App>Microsoft.BingNews</App>
	<App>Microsoft.BingSports</App>
	<App>Microsoft.BingWeather</App>
    <App>Microsoft.DesktopAppInstaller</App>
	<App>Microsoft.GamingApp</App>
<!--    <App>Microsoft.GetHelp</App>	-->
<!--    <App>Microsoft.Getstarted</App>	-->
    <App>Microsoft.Messaging</App>
    <App>Microsoft.Microsoft3DViewer</App>
	<App>Microsoft.MicrosoftEdge</App>
    <App>Microsoft.MicrosoftEdge.Stable</App>
    <App>Microsoft.MicrosoftOfficeHub</App>
    <App>Microsoft.MicrosoftSolitaireCollection</App>
    <App>Microsoft.MixedReality.Portal</App>
<!--    <App>Microsoft.MSPaint</App>	-->
    <App>Microsoft.Office.OneNote</App>
    <App>Microsoft.OneConnect</App>
    <App>Microsoft.OneDriveSync</App>
 	<App>Microsoft.OutlookforWindows</App>
    <App>Microsoft.People</App>
    <App>Microsoft.PowerAutomateDesktop</App>
    <App>Microsoft.Print3D</App>
    <App>Microsoft.SkypeApp</App>
    <App>Microsoft.StorePurchaseApp</App>
    <App>microsoft.windowscommunicationsapps</App>
    <App>Microsoft.WindowsFeedbackHub</App>
	<App>Microsoft.WindowsMaps</App>
	<App>Microsoft.Windows.DevHome</App>
	<App>Microsoft.Xbox.TCUI</App>
    <App>Microsoft.XboxApp</App>
	<App>Microsoft.XboxGameCallableUI</App>
	<App>Microsoft.XboxGameOverlay</App>
	<App>Microsoft.XboxGamingOverlay</App>
	<App>Microsoft.XboxIdentityProvider</App>
  	<App>Microsoft.XboxSpeechToTextOverlay</App>
    <App>Microsoft.YourPhone</App>
    <App>Microsoft.ZuneMusic</App>
    <App>Microsoft.ZuneVideo</App>
 	<App>MicrosoftCorporationII.MicrosoftFamily</App>
    <App>MicrosoftTeams</App>
    <App>*Spotify*</App>
	<App>*Twitter*</App>
	<App>*Wunderlist*</App>
  </RemoveApps>
  
  <WinGetInstall>
    <Id>Google.Chrome</Id>
    <!-- Microsoft 365 Copilot -->
    <Id>9WZDNCRD29V9</Id>
  </WinGetInstall>
  
  <OneDriveSetup>https://go.microsoft.com/fwlink/?linkid=844652</OneDriveSetup>
  <OneDriveARMSetup>https://go.microsoft.com/fwlink/?linkid=2282608</OneDriveARMSetup>
  <EdgeBusinessMSI>https://go.microsoft.com/fwlink/?LinkID=2093437</EdgeBusinessMSI>
  <EdgeBusinessARM></EdgeBusinessARM>
  
  <AddFeatures>
    <Feature>Microsoft.Windows.Sense.Client~~~~</Feature>
    <!-- If you do add a language pack, make sure you add these language add-ons for each one.
    <Feature>Language.Basic~~~es-ES~0.0.1.0</Feature>
    <Feature>Language.Fonts.PanEuropeanSupplementalFonts~~~~0.0.1.0</Feature>
    <Feature>Language.Handwriting~~~es-ES~0.0.1.0</Feature>
    <Feature>Language.OCR~~~es-ES~0.0.1.0</Feature>
    <Feature>Language.Speech~~~es-ES~0.0.1.0</Feature>
    <Feature>Language.TextToSpeech~~~es-ES~0.0.1.0</Feature>
    -->
    <Feature>WMIC</Feature>
    <!-- If you want .NET 3.5, uncomment this one.
    <Feature>NetFX3~~~~</Feature>
    -->
	
  </AddFeatures>
  <!-- This section defines a list of Optional Features to disable. Add the Name of the feature as returned by Get-WindowsOptionalFeature -->
  <DisableOptionalFeatures>
    <Feature>MicrosoftWindowsPowershellV2Root</Feature>
    <Feature>WorkFolders-Client</Feature>
    <Feature>Recall</Feature>
    <Feature>MediaPlayback</Feature>
  </DisableOptionalFeatures>
  <!-- This section defines a list of Windows Capabilities to remove. Provide the name of the Capability to have it removed as returned by Get-WindowsCapability, excluding the tildes and version.  -->
  <RemoveCapability>
    <Capability>App.StepsRecorder</Capability>
    <Capability>Microsoft.Windows.PowerShell.ISE</Capability>
  </RemoveCapability>

  <Language></Language>
  <!-- If you want to set a language, customize and reference this file: <Language>Language.xml</Language> -->

  <DefaultApps>Associations.xml</DefaultApps>
  
  <RegisteredOwner>CVM AutoPilot</RegisteredOwner>
  <RegisteredOrganization>CVM</RegisteredOrganization>

   <!-- Commenting this block out as we dont want to use them
  <OEMInfo>
    <Manufacturer>Contoso</Manufacturer>
    <Model>PC</Model>
    <Logo>Contoso.bmp</Logo>
    <SupportPhone>+1 800-555-1212</SupportPhone>
    <SupportHours>8am-5pm PST</SupportHours>
    <SupportURL>http://www.contoso.com</SupportURL>
  </OEMInfo>
  -->
</Config>