<LayoutModificationTemplate xmlns:defaultlayout="http://schemas.microsoft.com/Start/2014/FullDefaultLayout" xmlns:start="http://schemas.microsoft.com/Start/2014/StartLayout" Version="1" xmlns="http://schemas.microsoft.com/Start/2014/LayoutModification" xmlns:taskbar="http://schemas.microsoft.com/Start/2014/TaskbarLayout">
  <LayoutOptions StartTileGroupCellWidth="8" />
  <DefaultLayoutOverride LayoutCustomizationRestrictionType="OnlySpecifiedGroups">
    <StartLayoutCollection>
      <defaultlayout:StartLayout GroupCellWidth="8">
        <start:Group Name="OAKS">
          <start:DesktopApplicationTile Size="2x2" Column="0" Row="0" DesktopApplicationID="MSEdge" />
          <start:DesktopApplicationTile Size="2x2" Column="2" Row="0" DesktopApplicationID="Microsoft.Office.OUTLOOK.EXE.15" />
          <start:DesktopApplicationTile Size="2x2" Column="6" Row="0" DesktopApplicationID="{1AC14E77-02E7-4E5D-B744-2EB1AE5198B7}\logoff.exe" />
          <start:DesktopApplicationTile Size="2x2" Column="0" Row="2" DesktopApplicationID="Microsoft.Windows.Explorer" />
          <start:DesktopApplicationTile Size="2x2" Column="2" Row="2" DesktopApplicationID="Microsoft.SkyDrive.Desktop" />
          <start:DesktopApplicationTile Size="2x2" Column="4" Row="2" DesktopApplicationID="com.squirrel.Teams.Teams" />
          <start:DesktopApplicationTile Size="2x2" Column="6" Row="2" DesktopApplicationID="Microsoft.Office.ONENOTE.EXE.15" />
          <start:DesktopApplicationTile Size="2x2" Column="0" Row="4" DesktopApplicationID="Microsoft.Office.WINWORD.EXE.15" />
          <start:DesktopApplicationTile Size="2x2" Column="2" Row="4" DesktopApplicationID="Microsoft.Office.EXCEL.EXE.15" />
          <start:DesktopApplicationTile Size="2x2" Column="4" Row="4" DesktopApplicationID="https://www.kidsa-z.com/main/Login" />
          <start:Tile Size="1x1" Column="6" Row="4" AppUserModelID="Microsoft.WindowsCalculator_8wekyb3d8bbwe!App" />
          <start:DesktopApplicationTile Size="1x1" Column="7" Row="4" DesktopApplicationID="Microsoft.Office.POWERPNT.EXE.15" />
          <start:DesktopApplicationTile Size="1x1" Column="6" Row="5" DesktopApplicationID="{1AC14E77-02E7-4E5D-B744-2EB1AE5198B7}\notepad.exe" />
          <start:DesktopApplicationTile Size="1x1" Column="7" Row="5" DesktopApplicationID="{6D809377-6AF0-444B-8957-A3773F02200E}\Adobe\Acrobat DC\Acrobat\Acrobat.exe" />
        </start:Group>
      </defaultlayout:StartLayout>
    </StartLayoutCollection>
  </DefaultLayoutOverride>
    <CustomTaskbarLayoutCollection PinListPlacement="Replace">
      <defaultlayout:TaskbarLayout>
        <taskbar:TaskbarPinList>
          <taskbar:DesktopApp DesktopApplicationID="Microsoft.Windows.Explorer" />
          <taskbar:DesktopApp DesktopApplicationID="Microsoft.Office.WINWORD.EXE.15" />
          <taskbar:DesktopApp DesktopApplicationID="Microsoft.Office.EXCEL.EXE.15" />
          <taskbar:DesktopApp DesktopApplicationID="Microsoft.Office.OUTLOOK.EXE.15" />
          <taskbar:UWA AppUserModelID="Microsoft.MicrosoftEdge_8wekyb3d8bbwe!MicrosoftEdge" />
        </taskbar:TaskbarPinList>
      </defaultlayout:TaskbarLayout>
    </CustomTaskbarLayoutCollection></LayoutModificationTemplate>