<LayoutModificationTemplate
    xmlns="http://schemas.microsoft.com/Start/2014/LayoutModification"
    xmlns:defaultlayout="http://schemas.microsoft.com/Start/2014/FullDefaultLayout"
    xmlns:start="http://schemas.microsoft.com/Start/2014/StartLayout"
    xmlns:taskbar="http://schemas.microsoft.com/Start/2014/TaskbarLayout"
    Version="1">
    <CustomTaskbarLayoutCollection PinListPlacement="Replace">
        <defaultlayout:TaskbarLayout>
            <taskbar:TaskbarPinList>
                <taskbar:UWA AppUserModelID="www.kidsa-z.com-CF2DFB24_1.0.0.0_neutral__t1tsb31n9s368" />
                <taskbar:UWA AppUserModelID="web.kinderlogix.com-A0D5DEE3_1.0.0.1_neutral__5q7vps5bk47x2" />
                <taskbar:UWA AppUserModelID="ca.montessoricompass.com-32423878_1.0.0.0_neutral__31xma7mbkjxr6" />
                <taskbar:UWA AppUserModelID="MSTeams_25255.703.3978.7153_x64__8wekyb3d8bbwe" />
                <taskbar:UWA AppUserModelID="zoom.us.Zoom Video Meetings" />
                <taskbar:DesktopApp DesktopApplicationID="Microsoft.Office.WINWORD.EXE.15"/>
                <taskbar:DesktopApp DesktopApplicationID="Microsoft.Office.EXCEL.EXE.15"/>
                <taskbar:DesktopApp DesktopApplicationID="Microsoft.Office.OUTLOOK.EXE.15"/>
				<taskbar:DesktopApp DesktopApplicationLinkPath="%ALLUSERSPROFILE%\Microsoft\Windows\Start Menu\Programs\Zoom WorkPlace.lnk" />
            </taskbar:TaskbarPinList>
        </defaultlayout:TaskbarLayout>
    </CustomTaskbarLayoutCollection>
</LayoutModificationTemplate>


                <taskbar:DesktopApp DesktopApplicationLinkPath="%ALLUSERSPROFILE%\Microsoft\Windows\Start Menu\Programs\Accessories\Windows Media Player Legacy.lnk"/>

UWA's -- Get-AppxPackage -AllUsers | Select PackageFullName, Name
web.kinderlogix.com-A0D5DEE3_1.0.0.1_neutral__5q7vps5bk47x2                             web.kinderlogix.com-A0D5DEE3
www.kidsa-z.com-CF2DFB24_1.0.0.0_neutral__t1tsb31n9s368                                 www.kidsa-z.com-CF2DFB24
ca.montessoricompass.com-32423878_1.0.0.0_neutral__31xma7mbkjxr6                        ca.montessoricompass.com-32423878
MSTeams_25255.703.3978.7153_x64__8wekyb3d8bbwe                                          MSTeams

desktop-appid(modern apps) -- Get-StartApps
Microsoft Store                                  Microsoft.WindowsStore_8wekyb3d8bbwe!App
Microsoft Teams                                  MSTeams_8wekyb3d8bbwe!MSTeams
Microsoft Edge                                   MSEdge
Zoom Workplace                                   zoom.us.Zoom Video Meetings
Word                                             Microsoft.Office.WINWORD.EXE.15
Outlook                                          Microsoft.Office.OUTLOOK.EXE.15
File Explorer                                    Microsoft.Windows.Explorer
Excel                                            Microsoft.Office.EXCEL.EXE.15


desktop with path  - %ALLUSERSPROFILE%\Microsoft\Windows\Start Menu\Programs\
word.lnk
excel.lnk
outlook.lnk
inspiration 10.lnk
microsoft Edge.lnk
adobe Acrobat DC.lnk
Zoom WorkPlace.lnk


PackageFullName                                                                         Name
---------------                                                                         ----
1527c705-839a-4832-9118-54d4Bd6a0c89_10.0.19640.1000_neutral_neutral_cw5n1h2txyewy      1527c705-839a-4832-9118-54d4Bd6a0c89
c5e2524a-ea46-4f67-841f-6a9465d9d515_10.0.26100.1_neutral_neutral_cw5n1h2txyewy         c5e2524a-ea46-4f67-841f-6a9465d9d515
Microsoft.MicrosoftEdge.Stable_141.0.3537.57_neutral__8wekyb3d8bbwe                     Microsoft.MicrosoftEdge.Stable
E2A4F912-2574-4A75-9BB0-0D023378592B_10.0.19640.1000_neutral_neutral_cw5n1h2txyewy      E2A4F912-2574-4A75-9BB0-0D023378592B
F46D4000-FD22-4DB4-AC8E-4E1DDDE828FE_10.0.26100.1_neutral_neutral_cw5n1h2txyewy         F46D4000-FD22-4DB4-AC8E-4E1DDDE828FE
Microsoft.AAD.BrokerPlugin_1000.19580.1000.0_neutral_neutral_cw5n1h2txyewy              Microsoft.AAD.BrokerPlugin
Microsoft.AccountsControl_10.0.26100.1_neutral__cw5n1h2txyewy                           Microsoft.AccountsControl
Microsoft.AsyncTextService_10.0.26100.1_neutral__8wekyb3d8bbwe                          Microsoft.AsyncTextService
Microsoft.BioEnrollment_10.0.19587.1000_neutral__cw5n1h2txyewy                          Microsoft.BioEnrollment
Microsoft.CredDialogHost_10.0.19595.1001_neutral__cw5n1h2txyewy                         Microsoft.CredDialogHost
Microsoft.ECApp_10.0.26100.1_neutral__8wekyb3d8bbwe                                     Microsoft.ECApp
Microsoft.ECApp_10.0.26100.1150_neutral__8wekyb3d8bbwe                                  Microsoft.ECApp
Microsoft.LockApp_10.0.26100.1301_neutral__cw5n1h2txyewy                                Microsoft.LockApp
Microsoft.MicrosoftEdgeDevToolsClient_1000.25128.1000.0_neutral_neutral_8wekyb3d8bbwe   Microsoft.MicrosoftEdgeDevToolsClient
Microsoft.UI.Xaml.CBS_9.2311.10002.0_x64__8wekyb3d8bbwe                                 Microsoft.UI.Xaml.CBS
Microsoft.Win32WebViewHost_10.0.26100.1_neutral_neutral_cw5n1h2txyewy                   Microsoft.Win32WebViewHost
Microsoft.Windows.Apprep.ChxApp_1000.25128.1000.0_neutral_neutral_cw5n1h2txyewy         Microsoft.Windows.Apprep.ChxApp
Microsoft.Windows.AugLoop.CBS_1.572.2254.0_x64__8wekyb3d8bbwe                           Microsoft.Windows.AugLoop.CBS
Microsoft.Windows.CapturePicker_10.0.19580.1000_neutral__cw5n1h2txyewy                  Microsoft.Windows.CapturePicker
Microsoft.Windows.CloudExperienceHost_10.0.26100.1_neutral_neutral_cw5n1h2txyewy        Microsoft.Windows.CloudExperienceHost
Microsoft.Windows.ContentDeliveryManager_10.0.26100.1_neutral_neutral_cw5n1h2txyewy     Microsoft.Windows.ContentDeliveryManager
Microsoft.Windows.NarratorQuickStart_10.0.26100.1_neutral_neutral_8wekyb3d8bbwe         Microsoft.Windows.NarratorQuickStart
Microsoft.Windows.OOBENetworkCaptivePortal_10.0.21302.1000_neutral__cw5n1h2txyewy       Microsoft.Windows.OOBENetworkCaptivePortal
Microsoft.Windows.OOBENetworkConnectionFlow_10.0.21302.1000_neutral__cw5n1h2txyewy      Microsoft.Windows.OOBENetworkConnection...
Microsoft.Windows.ParentalControls_1000.25128.1000.0_neutral_neutral_cw5n1h2txyewy      Microsoft.Windows.ParentalControls
Microsoft.Windows.PeopleExperienceHost_10.0.26100.1_neutral_neutral_cw5n1h2txyewy       Microsoft.Windows.PeopleExperienceHost
Microsoft.Windows.PinningConfirmationDialog_1000.25140.1001.0_neutral__cw5n1h2txyewy    Microsoft.Windows.PinningConfirmationDi...
Microsoft.Windows.PrintQueueActionCenter_1.0.2.0_neutral_neutral_cw5n1h2txyewy          Microsoft.Windows.PrintQueueActionCenter
Microsoft.Windows.ShellExperienceHost_10.0.26100.1301_neutral_neutral_cw5n1h2txyewy     Microsoft.Windows.ShellExperienceHost
Microsoft.Windows.StartMenuExperienceHost_10.0.26100.1301_neutral_neutral_cw5n1h2txyewy Microsoft.Windows.StartMenuExperienceHost
Microsoft.Windows.XGpuEjectDialog_10.0.26100.1_neutral_neutral_cw5n1h2txyewy            Microsoft.Windows.XGpuEjectDialog
Microsoft.WindowsAppRuntime.CBS_5001.131.2041.0_x64__8wekyb3d8bbwe                      Microsoft.WindowsAppRuntime.CBS
Microsoft.XboxGameCallableUI_1000.25128.1000.0_neutral_neutral_cw5n1h2txyewy            Microsoft.XboxGameCallableUI
MicrosoftWindows.Client.AIX_1000.26100.20.0_x64__cw5n1h2txyewy                          MicrosoftWindows.Client.AIX
MicrosoftWindows.Client.CBS_1000.26100.11.0_x64__cw5n1h2txyewy                          MicrosoftWindows.Client.CBS
MicrosoftWindows.Client.Core_1000.26100.12.0_x64__cw5n1h2txyewy                         MicrosoftWindows.Client.Core
MicrosoftWindows.Client.FileExp_1000.26100.2.0_x64__cw5n1h2txyewy                       MicrosoftWindows.Client.FileExp
MicrosoftWindows.Client.OOBE_1000.26100.2.0_x64__cw5n1h2txyewy                          MicrosoftWindows.Client.OOBE
MicrosoftWindows.Client.Photon_1000.26100.3.0_x64__cw5n1h2txyewy                        MicrosoftWindows.Client.Photon
MicrosoftWindows.UndockedDevKit_10.0.26100.1_neutral_neutral_cw5n1h2txyewy              MicrosoftWindows.UndockedDevKit
NcsiUwpApp_1000.25128.1000.0_neutral_neutral_8wekyb3d8bbwe                              NcsiUwpApp
Windows.CBSPreview_10.0.19580.1000_neutral_neutral_cw5n1h2txyewy                        Windows.CBSPreview
windows.immersivecontrolpanel_10.0.8.1000_neutral_neutral_cw5n1h2txyewy                 windows.immersivecontrolpanel
Windows.PrintDialog_6.2.3.0_neutral_neutral_cw5n1h2txyewy                               Windows.PrintDialog
Microsoft.WindowsAppRuntime.1.3_3000.934.1904.0_x64__8wekyb3d8bbwe                      Microsoft.WindowsAppRuntime.1.3
Microsoft.UI.Xaml.2.8_8.2501.31001.0_x86__8wekyb3d8bbwe                                 Microsoft.UI.Xaml.2.8
Microsoft.UI.Xaml.2.8_8.2501.31001.0_x64__8wekyb3d8bbwe                                 Microsoft.UI.Xaml.2.8
Microsoft.NET.Native.Runtime.2.2_2.2.28604.0_x64__8wekyb3d8bbwe                         Microsoft.NET.Native.Runtime.2.2
Microsoft.NET.Native.Runtime.2.2_2.2.28604.0_x86__8wekyb3d8bbwe                         Microsoft.NET.Native.Runtime.2.2
Microsoft.NET.Native.Framework.2.2_2.2.29512.0_x64__8wekyb3d8bbwe                       Microsoft.NET.Native.Framework.2.2
Microsoft.NET.Native.Framework.2.2_2.2.29512.0_x86__8wekyb3d8bbwe                       Microsoft.NET.Native.Framework.2.2
Microsoft.VCLibs.140.00.UWPDesktop_14.0.33728.0_x64__8wekyb3d8bbwe                      Microsoft.VCLibs.140.00.UWPDesktop
Microsoft.VCLibs.140.00.UWPDesktop_14.0.33728.0_x86__8wekyb3d8bbwe                      Microsoft.VCLibs.140.00.UWPDesktop
Microsoft.UI.Xaml.2.7_7.2208.15002.0_x64__8wekyb3d8bbwe                                 Microsoft.UI.Xaml.2.7
Microsoft.VCLibs.140.00_14.0.33519.0_x64__8wekyb3d8bbwe                                 Microsoft.VCLibs.140.00
Microsoft.VCLibs.140.00_14.0.33519.0_x86__8wekyb3d8bbwe                                 Microsoft.VCLibs.140.00
Clipchamp.Clipchamp_4.4.10320.0_x64__yxz26nhyzhsrt                                      Clipchamp.Clipchamp
Microsoft.ApplicationCompatibilityEnhancements_1.2411.16.0_x64__8wekyb3d8bbwe           Microsoft.ApplicationCompatibilityEnhan...
Microsoft.AVCEncoderVideoExtension_1.1.17.0_x64__8wekyb3d8bbwe                          Microsoft.AVCEncoderVideoExtension
Microsoft.DesktopAppInstaller_1.26.509.0_x64__8wekyb3d8bbwe                             Microsoft.DesktopAppInstaller
Microsoft.GetHelp_10.2409.22951.0_x64__8wekyb3d8bbwe                                    Microsoft.GetHelp
Microsoft.HEIFImageExtension_1.2.22.0_x64__8wekyb3d8bbwe                                Microsoft.HEIFImageExtension
Microsoft.HEVCVideoExtension_2.4.13.0_x64__8wekyb3d8bbwe                                Microsoft.HEVCVideoExtension
Microsoft.MicrosoftStickyNotes_4.0.6104.0_x64__8wekyb3d8bbwe                            Microsoft.MicrosoftStickyNotes
Microsoft.OutlookForWindows_1.2025.926.200_x64__8wekyb3d8bbwe                           Microsoft.OutlookForWindows
Microsoft.Paint_11.2508.361.0_x64__8wekyb3d8bbwe                                        Microsoft.Paint
Microsoft.RawImageExtension_2.5.5.0_x64__8wekyb3d8bbwe                                  Microsoft.RawImageExtension
Microsoft.ScreenSketch_11.2507.15.0_x64__8wekyb3d8bbwe                                  Microsoft.ScreenSketch
Microsoft.SecHealthUI_1000.26100.1.0_x64__8wekyb3d8bbwe                                 Microsoft.SecHealthUI
Microsoft.StorePurchaseApp_22508.1401.2.0_x64__8wekyb3d8bbwe                            Microsoft.StorePurchaseApp
Microsoft.Todos_0.148.3611.0_x64__8wekyb3d8bbwe                                         Microsoft.Todos
Microsoft.VP9VideoExtensions_1.2.6.0_x64__8wekyb3d8bbwe                                 Microsoft.VP9VideoExtensions
Microsoft.WebMediaExtensions_1.2.14.0_x64__8wekyb3d8bbwe                                Microsoft.WebMediaExtensions
Microsoft.WebpImageExtension_1.2.10.0_x64__8wekyb3d8bbwe                                Microsoft.WebpImageExtension
Microsoft.Windows.Photos_2025.11080.28001.0_x64__8wekyb3d8bbwe                          Microsoft.Windows.Photos
Microsoft.WindowsCalculator_11.2502.2.0_x64__8wekyb3d8bbwe                              Microsoft.WindowsCalculator
Microsoft.WindowsCamera_2025.2505.2.0_x64__8wekyb3d8bbwe                                Microsoft.WindowsCamera
Microsoft.WindowsNotepad_11.2507.26.0_x64__8wekyb3d8bbwe                                Microsoft.WindowsNotepad
Microsoft.WindowsSoundRecorder_1.1.5.0_x64__8wekyb3d8bbwe                               Microsoft.WindowsSoundRecorder
Microsoft.WindowsStore_22508.1401.7.0_x64__8wekyb3d8bbwe                                Microsoft.WindowsStore
Microsoft.WindowsTerminal_1.22.12111.0_x64__8wekyb3d8bbwe                               Microsoft.WindowsTerminal
MicrosoftCorporationII.QuickAssist_2.0.36.0_x64__8wekyb3d8bbwe                          MicrosoftCorporationII.QuickAssist
MicrosoftWindows.Client.WebExperience_525.24401.50.0_x64__cw5n1h2txyewy                 MicrosoftWindows.Client.WebExperience
MSTeams_25255.703.3978.7153_x64__8wekyb3d8bbwe                                          MSTeams
AppUp.IntelGraphicsExperience_1.100.5688.0_x64__8j3eq9eme6ctt                           AppUp.IntelGraphicsExperience
AppUp.IntelManagementandSecurityStatus_2521.8.2.0_x64__8j3eq9eme6ctt                    AppUp.IntelManagementandSecurityStatus
B9ECED6F.ASUSPCAssistant_4.0.49.0_x64__qmba6cd70vzyy                                    B9ECED6F.ASUSPCAssistant
DolbyLaboratories.DolbyAccess_3.27.4950.0_x64__rz1tebttyb220                            DolbyLaboratories.DolbyAccess
Microsoft.Services.Store.Engagement_10.0.23012.0_x64__8wekyb3d8bbwe                     Microsoft.Services.Store.Engagement
Microsoft.Services.Store.Engagement_10.0.23012.0_x86__8wekyb3d8bbwe                     Microsoft.Services.Store.Engagement
RealtekSemiconductorCorp.RealtekAudioControl_1.51.330.0_x64__dt26b99r8h8gj              RealtekSemiconductorCorp.RealtekAudioCo...
B9ECED6F.ASUSExpertWidget_2.5.2.0_x64__qmba6cd70vzyy                                    B9ECED6F.ASUSExpertWidget
Microsoft.WindowsAppRuntime.1.0_4.528.1755.0_x64__8wekyb3d8bbwe                         Microsoft.WindowsAppRuntime.1.0
IntelligoTechnologyInc.541271065CCE8_1.0.130.0_x64__zzw691tb7va64                       IntelligoTechnologyInc.541271065CCE8
DolbyLaboratories.DolbyDigitalPlusDecoderOEM_1.2.581.0_x64__rz1tebttyb220               DolbyLaboratories.DolbyDigitalPlusDecod...
Microsoft.Windows.AssignedAccessLockApp_1000.25128.1000.0_neutral_neutral_cw5n1h2txyewy Microsoft.Windows.AssignedAccessLockApp
Microsoft.Windows.SecureAssessmentBrowser_10.0.26100.1_neutral_neutral_cw5n1h2txyewy    Microsoft.Windows.SecureAssessmentBrowser
Microsoft.Edge.GameAssist_1.0.3456.0_x64__8wekyb3d8bbwe                                 Microsoft.Edge.GameAssist
Microsoft.WindowsAppRuntime.1.6_6000.519.329.0_x64__8wekyb3d8bbwe                       Microsoft.WindowsAppRuntime.1.6
Microsoft.WindowsAppRuntime.1.6_6000.519.329.0_x86__8wekyb3d8bbwe                       Microsoft.WindowsAppRuntime.1.6
Microsoft.OneDriveSync_25174.907.3.0_neutral__8wekyb3d8bbwe                             Microsoft.OneDriveSync
Microsoft.WindowsAppRuntime.1.4_4000.1309.2056.0_x64__8wekyb3d8bbwe                     Microsoft.WindowsAppRuntime.1.4
Microsoft.WindowsAppRuntime.1.4_4000.1309.2056.0_x86__8wekyb3d8bbwe                     Microsoft.WindowsAppRuntime.1.4
Microsoft.WindowsAppRuntime.1.5_5001.373.1736.0_x86__8wekyb3d8bbwe                      Microsoft.WindowsAppRuntime.1.5
Microsoft.WindowsAppRuntime.1.5_5001.373.1736.0_x64__8wekyb3d8bbwe                      Microsoft.WindowsAppRuntime.1.5
Microsoft.WindowsAppRuntime.1.7_7000.617.2103.0_x86__8wekyb3d8bbwe                      Microsoft.WindowsAppRuntime.1.7
Microsoft.WindowsAppRuntime.1.7_7000.617.2103.0_x64__8wekyb3d8bbwe                      Microsoft.WindowsAppRuntime.1.7
Microsoft.StartExperiencesApp_1.1.7.0_x64__8wekyb3d8bbwe                                Microsoft.StartExperiencesApp
Microsoft.WidgetsPlatformRuntime_1.6.14.0_x64__8wekyb3d8bbwe                            Microsoft.WidgetsPlatformRuntime
Microsoft.OfficePushNotificationUtility_16.0.19231.20156_neutral__8wekyb3d8bbwe         Microsoft.OfficePushNotificationUtility
Microsoft.Office.ActionsServer_16.0.19231.20156_neutral__8wekyb3d8bbwe                  Microsoft.Office.ActionsServer
aimgr_0.20.23.0_x64__8wekyb3d8bbwe                                                      aimgr
app.montessoricompass.com-AE6AC57D_1.0.0.0_neutral__084qj81114ze0                       app.montessoricompass.com-AE6AC57D
web.kinderlogix.com-A0D5DEE3_1.0.0.1_neutral__5q7vps5bk47x2                             web.kinderlogix.com-A0D5DEE3
www.kidsa-z.com-CF2DFB24_1.0.0.0_neutral__t1tsb31n9s368                                 www.kidsa-z.com-CF2DFB24
ca.montessoricompass.com-32423878_1.0.0.0_neutral__31xma7mbkjxr6                        ca.montessoricompass.com-32423878

"C:\Program Files (x86)\Microsoft\Edge\Application\msedge_proxy.exe" --profile-directory=Default --app-id=iokbjgbifhlgcoelhbjaenfjogbegdae --app-url=https://www.kidsa-z.com/ng/ --app-launch-source=4